normalized_identity,source_names,status,reasons,first_seen,last_seen,source_rows,resolved_or_proposed_member_id,external_candidates
31flavors,31 Flavors,proposed_new,,2026-06-01,2026-06-01,1,3a6beeef-613d-5312-8390-fdb0d98a8a93,
4x4,4X4,proposed_new,,2026-01-02,2026-08-28,71,d9066592-f58b-5b5f-a6db-14bb2f063071,
8bit,8-bit,proposed_new,,2026-08-17,2026-08-17,1,076d9049-8e45-5233-8059-b0415a7cadcb,
aggie,Aggie,manual_review,duplicate_roster_rows,2026-02-14,2026-05-16,7,,
allegedasgard,Alleged (Asgard),proposed_new,,2026-02-19,2026-02-19,1,cbd5fd23-711f-5ffb-902e-8d024d4a65d6,
aloha,Aloha,proposed_new,,2026-06-15,2026-06-15,1,023e3bdc-81d3-54e8-a822-9d74580511e2,
animalhouse,Animal House,existing_sactown_match,,2026-01-02,2026-08-28,76,02fa5539-8a09-5c12-b621-d414cfafcc9b,
ataribedrock,Atari (Bedrock),proposed_new,,2026-06-18,2026-08-13,15,11afda6b-0403-5ca4-b145-d47bcbe8ea49,
bartbedrock,B.A.R.T. (Bedrock),proposed_new,,2026-07-27,2026-07-27,1,2a588b6c-ba69-5a2e-abc3-42728b4c32ff,
babe,Babe,existing_sactown_match,,2026-01-02,2026-08-29,117,b5f76e64-7bc5-5fc7-9f14-d9121da834d8,
babyroodelta,Baby 'Roo (Delta),proposed_new,,2026-04-29,2026-04-29,1,c604ce7c-5fc5-567f-8663-a35b2bfc224d,
babyruthsouthfork,Baby Ruth (South Fork),existing_sactown_match,,2026-08-18,2026-08-29,6,619b1fdd-35ed-57e5-a58b-f0944b43379c,
bambam,Bam Bam,manual_review,external_exact_name_candidate,2026-08-29,2026-08-29,1,,Bam Bam @ F3 West Houston (f6e37b19-9d4e-50a6-9315-3ca7844af6fb)
bambamterracotta,Bam Bam (Terracotta),proposed_new,,2026-01-17,2026-01-17,1,98ee739b-a22b-5065-9419-87017e48fee8,
bandcamp,Bandcamp,proposed_new,,2026-01-03,2026-06-23,55,2815bf34-306d-5136-a7cb-d61e7ac1c56d,
bassmasterdelta,Bassmaster (Delta),proposed_new,,2026-01-20,2026-05-21,3,e147cd00-54ff-5ed8-8a44-3565815c29ad,
bingo,Bingo,existing_sactown_match,,2026-06-18,2026-08-20,4,0d86378c-a0c0-5656-a4ed-3ceceae2701c,
birthdaysuitasgard,Birthdaysuit (Asgard),proposed_new,,2026-02-19,2026-08-27,20,68709d25-984a-54f0-ba7a-ac65029cc108,
blackcatdelta,Black Cat (Delta),proposed_new,,2026-02-05,2026-05-28,3,8d9ea4b2-7d5f-5017-9b19-c900e5016800,
blackout,Blackout,existing_sactown_match,,2026-01-16,2026-08-25,71,2e359c94-9ddd-516b-b859-f92e050d9fe1,Blackout @ F3 Aggieland (b9eacf30-279c-4ed0-967a-4992eca041ef)
blankman,Blankman,proposed_new,,2026-08-10,2026-08-17,3,1faa7af5-be04-55ff-8183-0915ebc69f3d,
blofeld,Blofeld,proposed_new,,2026-08-15,2026-08-29,2,d91ebb6e-7dd5-5143-a459-79eb4a9c7c45,
blue,Blue,manual_review,external_exact_name_candidate,2026-01-07,2026-07-29,15,,Blue @ F3 Aggieland (bd63edbc-4b3f-4a3a-b60a-c9bcbb89d458)
bo20,Bo (2.0),proposed_new,,2026-01-06,2026-06-11,15,f06970f0-6ab5-5c30-9234-2e9cf8d460c5,
bodyshots,Body Shots,existing_sactown_match,,2026-01-09,2026-08-29,76,b669bd84-733e-5221-a9e8-f7ea44e3bfaf,
bokcho,Bok Cho,proposed_new,,2026-08-29,2026-08-29,1,2edffe54-bc34-57df-a2e8-2b7003e9d30c,
bootstrap,Bootstrap,proposed_new,,2026-08-03,2026-08-03,2,7e302656-824d-54d2-b1be-266a02bcff38,
bootycall,Booty Call,existing_sactown_match,,2026-08-15,2026-08-15,2,66dbc118-315e-5afc-9770-8bfab3e830e8,
boyardee,Boyardee,manual_review,external_exact_name_candidate,2026-05-11,2026-05-11,1,,Boyardee @ F3 West Houston (38e20715-a9fc-5d5a-9424-3f38679903c0)
bubbleyum,Bubble Yum,existing_sactown_match,,2026-01-10,2026-08-27,42,d9a1375a-b636-530f-a9bd-23ae9e041f57,
bullwinkle,Bullwinkle,existing_sactown_match,,2026-03-28,2026-08-29,92,68dc02ea-3180-59e0-90a7-c5b61ac41247,
bunny,Bunny,proposed_new,,2026-04-15,2026-04-15,1,845ee298-587b-5b94-8ac7-6d2de18cd7e3,
burntendz,Burnt Endz,proposed_new,,2026-04-18,2026-04-18,1,0c50e5c0-5287-5119-a18f-4a48bd654420,
bushmaster,Bushmaster,proposed_new,,2026-06-06,2026-08-15,4,094917fd-8e8c-549d-9413-de98161a7005,
cable,Cable,existing_sactown_match,,2026-08-17,2026-08-22,2,0ae06236-a339-54d3-9438-041003583237,
carter,Carter,existing_sactown_match,,2026-01-10,2026-08-29,173,d3804c86-71c5-5ed0-b93a-b942f4575761,
carville,Carville,existing_sactown_match,,2026-01-03,2026-08-29,98,7b32656c-e5c8-50da-93a0-743833514dc0,
casper,Casper,existing_sactown_match,,2026-01-02,2026-08-29,108,fc85ffc1-ad5a-5248-bcfd-19d82e3fe80b,
cheesesteak,Cheese Steak,manual_review,external_exact_name_candidate,2026-04-04,2026-04-04,1,,Cheesesteak @ F3 West Houston (eb2fb389-3ead-5fd9-9b16-e40c81805d6d)
chippee,Chippee,proposed_new,,2026-08-22,2026-08-22,1,27b2f3b0-a470-5b2d-b7d4-45dbf4af2368,
chips,Chips,proposed_new,,2026-06-11,2026-06-11,1,3b0d0fec-c16e-5406-a8ea-244884b904d5,
chuckegoldrush,Chuck E. (Gold Rush),proposed_new,,2026-08-27,2026-08-27,1,46bc41f0-3d13-5ee8-9e12-e7ae520fffc2,
chulijuana,Chulijuana,proposed_new,,2026-05-21,2026-05-21,1,4e67f8bf-aee0-5350-b5e9-7c7cf5bba939,
cinco,Cinco,existing_sactown_match,,2026-01-10,2026-08-29,101,a81caeca-feb3-5812-b13e-95b012910b4c,Cinco @ F3 West Houston (ef9d03ca-54d6-5cf6-a862-02a2cce7f7bc)
citationsouthfork,Citation (South Fork),proposed_new,,2026-07-17,2026-07-17,2,a93ccf6a-a0d3-513d-b1ec-968894f91304,
clickbaitasgard,ClickBait (Asgard),proposed_new,,2026-04-30,2026-04-30,1,c9372cdf-e936-539a-b4d8-70c07c37c3a5,
coco,Coco,proposed_new,,2026-08-29,2026-08-29,1,1b7f0d69-5d6f-500d-ae97-4fae05b1b8b9,
coldstone,Cold Stone,existing_sactown_match,,2026-08-25,2026-08-29,3,86939303-74ed-5c39-9c5a-1b4e8c54e224,Coldstone @ F3 West Houston (c6f41996-3d1f-5d09-8c75-f9336e654d20)
coolrunningssouthfork,Cool Runnings (South Fork),proposed_new,,2026-07-17,2026-07-17,2,aefac6ae-5e81-5b2e-8cac-047e8fe45f00,
cooliodelta,Coolio (Delta),proposed_new,,2026-01-10,2026-01-10,1,bec3fc7a-1f3c-5d46-a0c8-a7a461bde179,
couchpotato,Couch Potato,proposed_new,,2026-01-10,2026-06-13,6,198d69c9-4e6c-509c-8022-9c9e736d4b41,
cougar,Cougar,proposed_new,,2026-01-02,2026-06-27,59,e52a470e-4880-519f-9f58-9115fd6248a0,
cousineddie,Cousin Eddie,proposed_new,,2026-01-24,2026-08-29,8,d6260247-94eb-5bf5-b7c8-0dd959e753ee,
crack,Crack,proposed_new,,2026-08-06,2026-08-06,1,0cd019c7-73c2-5ba4-94a2-4a03dfc405a4,
crews,Crews,proposed_new,,2026-01-12,2026-03-12,23,eae122b5-b982-5c23-88ab-bfc047018d2a,
crouton,Crouton,proposed_new,,2026-01-20,2026-08-18,15,da4ebfa8-1e32-57f7-8b26-8d0357492c17,
crownroyal,Crown Royal,proposed_new,,2026-01-05,2026-01-05,1,f22d3373-6bf0-5242-929e-9a4c689c8837,
cubby,Cubby,proposed_new,,2026-02-07,2026-02-07,1,3eb69d1c-7ce4-5d80-afa5-2e100856da76,
curfew,Curfew,proposed_new,,2026-01-03,2026-04-03,3,6b5cc0ec-02fb-53e7-bf1e-c63bc4a31389,
dasboot,Das Boot,proposed_new,,2026-01-24,2026-06-08,7,0561366d-966c-5711-9826-564166f3102a,
demogorgonsouthfork,Demogorgon (South Fork),proposed_new,,2026-07-17,2026-07-17,1,dd5470c6-ae2d-5b8f-892d-cec7ffe02b6d,
dependsdelta,Depends (Delta),proposed_new,,2026-03-23,2026-03-23,1,d6ffb23b-2e8c-5045-93b0-be740556edb7,
devito,Devito,proposed_new,,2026-08-17,2026-08-17,1,e0f410a7-cd5f-51f0-92b7-1b0ce9ef41f8,
ditchvitch,Ditchvitch,existing_sactown_match,,2026-02-07,2026-08-29,12,f371da06-79f5-5ff7-b769-81113c9e0c05,
djwhopper,DJ Whopper,proposed_new,,2026-05-06,2026-05-06,1,ff1a9f25-aa9c-5be5-a33b-478b57ece039,
donaghy,Donaghy,proposed_new,,2026-01-16,2026-04-17,9,0c375c74-f6a5-5934-b83c-e9bc52fd9b10,
doublebogey,Double Bogey,proposed_new,,2026-02-07,2026-02-07,1,23bbb6f8-0eac-5a0a-a281-5d68b80011e4,
doubleshotdelta,Double Shot (Delta),proposed_new,,2026-01-10,2026-05-14,3,b00150ee-beda-5890-9870-a3366089e7e7,
doublet,Doublet,existing_sactown_match,,2026-08-04,2026-08-04,1,9f301479-00c3-515a-8c66-82db643527ec,
dq,DQ,existing_sactown_match,,2026-01-02,2026-08-28,97,7441fc70-5c07-5add-9dc3-fa8792ed923a,
duckhunt,Duck Hunt,manual_review,external_exact_name_candidate,2026-06-15,2026-08-17,10,,Duck Hunt @ F3 Aggieland (a30b3a2b-d83f-4b33-9cda-67d0274c4d17)
earhart,Earhart,proposed_new,,2026-01-09,2026-01-16,3,52aa2101-38fe-5bbc-8021-067b6e8f9baa,
elderberry,Elderberry,proposed_new,,2026-01-20,2026-07-21,2,627f971a-d45f-5fe2-aeff-fde40d492f8a,
etsy,Etsy,proposed_new,,2026-08-04,2026-08-04,1,60699889-22f9-58fe-a0f4-5b98ef1f4603,
fancy,Fancy,existing_sactown_match,,2026-01-29,2026-08-28,65,11633fcc-2a5f-50b4-915e-2dc6b4025bf8,Fancy @ F3 West Houston (09eb181c-ec17-5447-bf66-ad5011ddca6c)
fashionista,Fashionista,existing_sactown_match,,2026-01-01,2026-08-29,181,80cd43d1-2e72-5a9f-ac34-4b2757300983,
fiia20,Fiia (2.0),proposed_new,,2026-08-11,2026-08-11,1,a08dd136-9629-5d49-9c88-f8608c13f18d,
fleetwood,Fleetwood,proposed_new,,2026-08-27,2026-08-27,1,3756cd01-2a11-522c-9c51-26a0bf34d4e8,
flo,Flo,manual_review,external_exact_name_candidate,2026-01-06,2026-08-18,5,,Flo @ F3 Aggieland (8431d099-8d5e-43ff-80a5-8e165268091f)
floppy,Floppy,proposed_new,,2026-01-16,2026-01-16,1,79bb6bc3-5e5c-59da-b1a4-c784a14d3181,
flounder,Flounder,manual_review,external_exact_name_candidate,2026-08-29,2026-08-29,1,,Flounder @ F3 West Houston (66cf0536-7731-519f-9e69-9ff79b36cf64)
fngjack,FNG-Jack,manual_review,fng_or_placeholder_style_name,2026-03-30,2026-04-06,2,,
fobulous,Fobulous,existing_sactown_match,,2026-01-30,2026-08-27,53,d1a0f09a-19b1-5a7e-8ba3-b08907f5d543,
frodo,Frodo,manual_review,multiple_external_exact_name_candidates,2026-06-13,2026-08-15,2,,Frodo @ F3 Aggieland (e0470ef2-4fff-4ad2-8cb9-10af15c465a4) | Frodo @ F3 West Houston (5d005aad-a548-522e-a407-717a0e643901)
giants,Giants,proposed_new,,2026-01-19,2026-01-19,1,9613e6b1-4e6d-5a13-8628-90a7d74df637,
glassbedrock,Glass (Bedrock),proposed_new,,2026-04-24,2026-04-24,2,d0e26271-e167-542d-83f7-b623de300c08,
glassjoe,Glass Joe,proposed_new,,2026-01-10,2026-08-22,30,c9ab6769-a019-59c3-b3af-c91382aba6cd,
godfather,Godfather,existing_sactown_match,,2026-01-15,2026-08-29,93,23a792c2-cf5a-5254-9bfe-e1f2ec29915c,Godfather @ F3 West Houston (53f015f9-fb56-5797-b136-63f862060aed)
goldilocksdelta,Goldilocks (Delta),proposed_new,,2026-06-08,2026-06-22,2,734c8e62-5769-51a3-964f-fb46617a8820,
grogu,Grogu,proposed_new,,2026-05-23,2026-05-23,1,e31a84d8-9a38-5852-accb-3bbcfa5f7f17,
grouchasgard,Grouch (Asgard),proposed_new,,2026-04-18,2026-04-18,1,d10a44a2-f39c-5cc9-ac88-cb8ca22b3e46,
gtl,GTL,existing_sactown_match,,2026-01-13,2026-08-21,36,0c6f7f09-c3ea-569a-b235-d7f1dbc6f434,
gusmemphis,Gus (Memphis),proposed_new,,2026-08-21,2026-08-21,2,c11a9e4a-788a-5b8f-a5f5-89f48b1af261,
gutarherodelta,Gutar Hero (Delta),proposed_new,,2026-05-21,2026-05-21,1,09d02fa8-e848-5bc2-ba4a-406727c737be,
handi,Handi,proposed_new,,2026-02-10,2026-02-10,1,b2a0c3d0-f809-5690-87c5-7935764f07fa,
handlebar,Handlebar,proposed_new,,2026-07-06,2026-07-22,9,50511f4b-c73a-5504-8f89-d3483682112c,
hannamontana,Hanna Montana,existing_sactown_match,,2026-01-03,2026-08-21,45,0b54c20f-d55b-5fdf-ac6c-9af0c98b99f6,
happytree20,Happy Tree (2.0),proposed_new,,2026-06-25,2026-08-11,4,9139be65-3458-57fb-9ac1-fa7f6cb8d6b7,
homie,Homie,proposed_new,,2026-01-10,2026-04-18,4,366fe8a5-36cc-5462-b05d-3f9d5c7020e2,
honeybun,Honeybun,proposed_new,,2026-01-08,2026-07-23,49,5cde80ac-f817-57d8-b839-ad535dfd5a46,
hook,Hook,proposed_new,,2026-07-20,2026-07-20,1,7ea07508-df8a-5e37-b64e-bef0a4c1d266,
hotpants,Hotpants,manual_review,external_exact_name_candidate,2026-07-20,2026-08-29,5,,Hot Pants @ F3 Aggieland (5f07d41a-f61d-4194-88bb-c77469f7847a)
husky,Husky,existing_sactown_match,,2026-03-11,2026-08-29,82,34a93543-363f-5798-abd0-61828ec99d36,
icedelta,Ice (Delta),proposed_new,,2026-06-16,2026-07-14,4,13a0dbbb-bd6d-5b43-8661-450c9435bb90,
jamarcusrussell,JaMarcus Russell,existing_sactown_match,,2026-02-21,2026-08-29,28,4e17ef74-0059-519b-8390-c4ad021cd03a,
joules,Joules,proposed_new,,2026-03-17,2026-03-17,1,096b8474-d796-5f43-b904-407446d4d94b,
journeyman,Journeyman,proposed_new,,2026-01-31,2026-04-09,5,e37d12fd-c314-56c7-a73b-2cd557180494,
kirby20,Kirby (2.0),proposed_new,,2026-06-25,2026-08-11,3,0921505a-0aba-58b9-a6fe-c5a4326fa695,
ladybugs,Ladybugs,proposed_new,,2026-05-14,2026-05-14,1,6424451e-e2b3-5da4-a262-22fbb553abf1,
lasso,Lasso,manual_review,external_exact_name_candidate,2026-01-03,2026-04-03,3,,Lasso @ F3 West Houston (20e906fa-cd49-5e4b-800a-ae15337efb1c)
launchpad,Launchpad,existing_sactown_match,,2026-01-10,2026-08-08,12,c25b0090-b7f1-560a-bdd6-c18e6d212765,
legomaster,Lego Master,proposed_new,,2026-05-05,2026-07-14,2,0ce54cfa-0a94-572b-924f-4e8536f193f0,
lieutenantdandelta,Lieutenant Dan (Delta),proposed_new,,2026-01-12,2026-04-29,4,f4d4f981-763e-5c08-b1b5-764e2660123f,
lilsmokey,Lil Smokey,existing_sactown_match,,2026-04-15,2026-08-28,26,51ac72a5-d3dc-5113-9a2f-da80974f846e,
littlefoot,Little Foot,proposed_new,,2026-04-03,2026-05-25,2,377c65f5-153e-5be0-af05-dfe0935ed600,
loincloth,Loincloth,existing_sactown_match,,2026-01-26,2026-08-24,28,c923a3f3-9519-451e-948f-b004abf6e020,
lulusouthfork,Lulu (South Fork),proposed_new,,2026-07-17,2026-07-17,2,dfaa439f-e0d1-5c44-a6cc-fb4e3a1e7191,
lumbergh,Lumbergh,existing_sactown_match,,2026-03-28,2026-07-27,3,5d506898-0757-59c0-83e0-2510a0bb48ce,
madeoff,Made-off,proposed_new,,2026-01-02,2026-08-28,23,1d1a9f07-e1c6-54e1-a6f0-3667b80e2d64,
maloof,Maloof,proposed_new,,2026-01-31,2026-05-05,5,9e8c6876-278e-5a7f-9a66-6f76f6f7592d,
mamajuana,Mamajuana,proposed_new,,2026-03-26,2026-03-26,1,5670a030-1fc9-5ee3-a71d-e99c562e09ef,
mangos,Mangos,proposed_new,,2026-08-06,2026-08-10,3,63de3bc0-ee26-5f0f-850d-58928c6a5638,
manujunction,ManU (Junction),proposed_new,,2026-04-24,2026-04-29,3,9bafa5bc-17fc-599e-ba7f-fd30a6f37002,
maplesquat,Maple Squat,existing_sactown_match,,2026-03-26,2026-08-06,15,26556b8f-d2ae-5259-b846-c7dcd79be35a,
mclovinseattle,McLovin (Seattle),existing_sactown_match,,2026-04-20,2026-08-27,9,ec8553ce-0621-56f6-b2eb-bb149701ce70,
michelin,Michelin,proposed_new,,2026-04-04,2026-04-04,1,a3c35e67-ce85-5f44-b9b0-1600e8c4012e,
midgedelta,Midge (Delta),proposed_new,,2026-01-10,2026-06-06,4,0fee3ac6-e50d-5466-beea-23ff33a74182,
mikefng,Mike (FNG),manual_review,fng_or_placeholder_style_name,2026-08-29,2026-08-29,1,,
milkmanbedrock,Milk Man (Bedrock),proposed_new,,2026-04-24,2026-04-24,2,2b62935e-2ae3-5826-a250-45bbc175acae,
minnow,Minnow,existing_sactown_match,,2026-01-08,2026-08-27,54,ac159b62-ae95-5729-9cbc-43fcc690c528,Minnow @ F3 West Houston (c4d71066-af2f-543d-a179-6ce120974ca1)
mistletoe,Mistletoe,proposed_new,,2026-07-28,2026-07-28,1,b5796f3a-f4e7-5aca-9dd8-3e8d06203230,
miyagi,Miyagi,manual_review,external_exact_name_candidate,2026-03-12,2026-03-12,1,,Miyagi @ F3 West Houston (3a3c8896-025d-57aa-8e9f-f9e044b3c57d)
molly,Molly,proposed_new,,2026-04-03,2026-08-27,9,7c27c732-48dc-532a-bbb5-a3246856bf31,
mozart,Mozart,existing_sactown_match,,2026-01-10,2026-08-29,93,2ca27a86-812a-5fa4-8370-66a614f6a8b9,
mrburns,Mr. Burns,existing_sactown_match,,2026-01-31,2026-08-29,24,e92bd682-db66-5170-802b-201bf41e6971,Mr. Burns @ F3 Aggieland (f76933f9-35de-4066-ae79-1ecc813afe40)
mrpickles,Mr. Pickles,existing_sactown_match,,2026-01-06,2026-08-29,112,3577c4eb-3fff-522e-abe8-9d40d43ffaec,
mule,Mule,manual_review,external_exact_name_candidate,2026-02-07,2026-05-08,3,,Mule @ F3 West Houston (48a79157-f442-5e65-8ce4-2ac0bfc413fe)
murse,Murse,proposed_new,,2026-01-13,2026-05-05,2,9db303c5-ccf7-552a-8592-fd8fcbe4877f,
mystic,Mystic,proposed_new,,2026-03-21,2026-03-21,1,b4ba86d7-c0e8-59d1-a1a3-ee40c8147cf8,
nathanfng,Nathan (FNG),manual_review,fng_or_placeholder_style_name,2026-08-29,2026-08-29,1,,
nee,Nee,proposed_new,,2026-01-10,2026-04-18,2,6d36b15a-3393-54c3-b6eb-421b00edc139,
nemorubicon,Nemo (Rubicon),proposed_new,,2026-02-05,2026-02-05,1,948fb07b-d451-5786-b690-46d485ec9960,
nickelbackjunction,Nickelback (Junction),proposed_new,,2026-08-15,2026-08-15,1,0a58224e-5306-56cd-8703-092eae4f9c18,
oopsie,Oopsie,proposed_new,,2026-03-23,2026-03-23,1,a972dcd4-72d7-5a3b-9300-1c821b457372,
otani,Otani,proposed_new,,2026-08-29,2026-08-29,1,f24a644b-586d-5b32-8b91-ad1fdd923ba0,
pacrat,PacRat,proposed_new,,2026-05-28,2026-06-19,3,e0c4c525-5f65-549c-9fd4-a241d47c6dfb,
pamela,Pamela,proposed_new,,2026-05-05,2026-07-21,7,00694e68-076a-5834-8d79-45c2ed6b2aef,
paperboy,Paperboy,manual_review,external_exact_name_candidate,2026-07-22,2026-07-22,1,,PaperBoy @ F3 West Houston (a7f86f67-8f9c-5e61-a712-a82d3b4e4374)
peaches,Peaches,existing_sactown_match,,2026-04-03,2026-08-29,7,d44a5810-9252-516d-86e9-d71008895d32,
pedals,Pedals,proposed_new,,2026-01-10,2026-07-27,2,898d37d3-d899-5edf-a7d7-b461f3abe3dd,
pfd,PFD,proposed_new,,2026-02-28,2026-08-29,7,d98a7e75-c681-5e80-bb93-86b2d7518bdb,
pinky,Pinky,manual_review,external_exact_name_candidate,2026-04-29,2026-08-19,16,,Pinky @ F3 West Houston (104d8b2a-700f-5745-ba07-ebc855fd2633)
pinot,Pinot,existing_sactown_match,,2026-01-06,2026-08-29,127,e224c360-4433-50c5-8df3-ec7577f82906,
pippydelta,Pippy (Delta),proposed_new,,2026-05-23,2026-08-22,4,941f2eb8-8072-5324-be32-a63cd0fc3369,
poppinsterracotta,Poppins (Terracotta),proposed_new,,2026-05-07,2026-05-07,1,42353ebd-10eb-5f73-98e5-fa9c5ba5b0de,
postal,Postal,manual_review,external_exact_name_candidate,2026-03-07,2026-08-29,3,,Postal @ F3 North Katy (2d0bd7e2-5161-4c4d-8a07-29a6d91f5a4a)
prius,Prius,manual_review,external_exact_name_candidate,2026-08-29,2026-08-29,1,,Prius @ F3 West Houston (3b9c6445-4e64-5c0f-a59b-d5c2b81a892b)
promdatesouthfork,Prom Date (South Fork),proposed_new,,2026-07-17,2026-07-17,1,31b90ca7-af87-5063-877b-d892efecb536,
punchbug,Punch Bug,proposed_new,,2026-02-28,2026-02-28,1,c577ce22-2c59-5fd6-964e-53e1041040cc,
punkyb,Punky B,existing_sactown_match,,2026-01-07,2026-08-28,89,b02bdd87-3529-5893-aee9-6be7397a335b,
qa,QA,proposed_new,,2026-01-10,2026-01-10,1,a35431fe-552f-5903-ba45-4c3670131e7f,
queasy,Queasy,proposed_new,,2026-01-19,2026-05-06,2,3e5deed2-0d78-5816-86da-0585d00d1135,
quicksand,Quicksand,existing_sactown_match,,2026-01-17,2026-08-25,29,e342fd1a-36fa-52de-a620-8b21e7ee5434,
raiddelta,Raid (Delta),proposed_new,,2026-01-28,2026-07-01,15,e779d604-c5d4-5f05-8fb7-e6e1fe3b9218,
rainbowsnow,Rainbow Snow,proposed_new,,2026-06-15,2026-08-17,4,de39bc8a-7210-5492-8b3f-200e2e400ba8,
rapids,Rapids,existing_sactown_match,,2026-01-10,2026-08-22,20,45702163-0112-55e6-a86e-14339e33d7df,Rapids @ F3 West Houston (db97c3f6-6e47-5474-a15d-7bf49662d85f)
rawhidedelta,Rawhide (Delta),proposed_new,,2026-08-04,2026-08-04,1,93b4fb43-f2f8-5754-9a90-1e474b7b67cf,
razzmatazz,Razzmatazz,proposed_new,,2026-08-22,2026-08-29,2,90a4f425-abbc-53d5-a246-900f6632b03f,
rec,Rec,existing_sactown_match,,2026-01-05,2026-08-28,60,63605408-ff1a-53d2-98af-950cc4f8a27d,
redryder,Red Ryder,manual_review,external_exact_name_candidate,2026-05-04,2026-06-08,4,,Red Ryder @ F3 West Houston (acdb9bf3-8371-558f-8062-24874bc4c6bc)
redtag,Redtag,proposed_new,,2026-03-19,2026-03-26,2,a1c31bd3-961f-5e2f-b885-72617e16d7e2,
refried,Refried,proposed_new,,2026-01-21,2026-01-21,1,6b7b4eea-021f-58b0-ad5b-9a7e5947733e,
reststop,Rest Stop,proposed_new,,2026-08-29,2026-08-29,1,152e95eb-8926-5ea9-996f-9d3c5c1c66fb,
reversalgoldrush,Reversal (Gold Rush),proposed_new,,2026-04-29,2026-04-29,1,f68f25bb-0dce-5ef2-8bad-0c88325a5b7e,
ringo,Ringo,existing_sactown_match,,2026-01-09,2026-08-29,109,a44d0fdc-3ecc-51aa-8b4f-1a7b017efc38,
roadrash,Road Rash,manual_review,external_exact_name_candidate,2026-01-23,2026-04-13,8,,Road Rash @ F3 West Houston (6043410d-264b-53ff-b61e-fa567968e951)
rojas,Rojas,proposed_new,,2026-08-04,2026-08-04,1,fc41eee1-9c44-5b4e-a52b-a1e57bcd99b9,
rustypipes,Rusty Pipes,proposed_new,,2026-07-21,2026-08-18,2,2fba369c-ccff-50e9-b8f9-84e7e0fcae35,
rx,Rx,manual_review,external_exact_name_candidate,2026-01-10,2026-08-17,4,,Rx @ F3 West Houston (502a3d0e-82bf-5d5f-8480-4d1631284df1)
samsonitedelta,Samsonite (Delta),proposed_new,,2026-01-20,2026-05-21,3,1425f3c6-85d1-5b32-aeb7-479dc4a1a864,
sandtrap,Sandtrap,existing_sactown_match,,2026-01-12,2026-08-28,154,97a025de-3b71-5835-9db9-ceb38bc9b587,Sand Trap @ F3 North Katy (c30ef2a1-b949-48a0-b090-07ecdb2b1d4c) | Sand Trap @ F3 Aggieland (34e200d1-111d-41f0-9cda-a90ef048347f)
savvy,Savvy,proposed_new,,2026-04-15,2026-04-15,1,f63812a7-ddc8-591d-b5f0-3fd992075760,
scooper,Scooper,existing_sactown_match,,2026-01-02,2026-08-27,133,c2770d8e-f95b-5e18-81ce-52cb12a842f4,
screwloose,Screw Loose,existing_sactown_match,,2026-01-10,2026-08-29,59,7c834493-7195-52fd-89c3-de6e8eb98a2d,
seabiscuit,Sea Biscuit | Seabiscuit,manual_review,external_exact_name_candidate | normalized_spelling_collision,2026-04-18,2026-08-29,2,,Seabiscuit @ F3 Aggieland (717635dd-8353-4cac-b2f8-0ebe24733a63)
septobersouthfork,Septober (South Fork),proposed_new,,2026-01-21,2026-04-18,3,1f622656-f7f3-5ff1-8985-15519051abf5,
shakenbakedelta,Shake N Bake (Delta),proposed_new,,2026-08-05,2026-08-05,1,8e72fdaf-e964-5b40-937b-56188ae83090,
sherone,Sherone,proposed_new,,2026-02-21,2026-06-04,7,bb34bc5c-201d-593d-93d3-99b1213f2f56,
sherpa,Sherpa,existing_sactown_match,,2026-01-08,2026-08-27,28,f98a5892-398e-5e9c-a9c4-989bbb72a69b,
shortcircuit,Short Circuit,existing_sactown_match,,2026-01-10,2026-08-24,16,831ee483-bead-5a12-83db-ba0911933ef2,
sigma,Sigma,proposed_new,,2026-05-21,2026-05-21,1,047c6dc8-8d97-5289-9367-764e1877de97,
singlet,Singlet,existing_sactown_match,,2026-05-23,2026-08-29,14,147600d6-d625-5691-90f5-2f4dfcdd315d,Singlet @ F3 Aggieland (1ee8ffe2-5503-46cd-a761-17b36545cc09) | Singlet @ F3 West Houston (50bd8e60-f2fa-53d5-91bb-02e847c884bb)
singletgoldrush,Singlet (Gold Rush),proposed_new,,2026-03-10,2026-03-17,2,12e8e4fb-cd29-5c39-8629-7402ff7f1bab,
siteclosedarchived,Site Closed (Archived),existing_sactown_match,,2026-01-01,2026-07-30,7,74d31ef1-0d28-5938-be46-f83a1181d8d1,
smeltsouthfork,Smelt (South Fork),proposed_new,,2026-08-06,2026-08-06,1,afe894bd-7522-5c11-b54f-f70ccb711cea,
snapshot,Snapshot,proposed_new,,2026-01-05,2026-08-10,10,766c778f-aa3d-5d21-8053-81a0053b41ab,
snooki,Snooki,existing_sactown_match,,2026-01-07,2026-08-26,46,c06fd720-9b23-58af-a7d2-e73ad659635d,Snooki @ F3 Aggieland (9fff29fc-3de1-495d-be93-b214148ea489)
snowwhitedelta,Snow White (Delta),existing_sactown_match,,2026-06-01,2026-08-17,22,9b444b3f-9d7e-5499-849f-adfe3d5560bb,
sonnee,Son-Nee,proposed_new,,2026-04-18,2026-04-18,1,afef6180-3b60-53ea-a84b-542c8b818cce,
sonicboomdelta,Sonic Boom (Delta),proposed_new,,2026-06-08,2026-06-08,1,6adfe767-b69c-5609-b2f3-e7e6f78980f8,
spamasubi,Spamasubi,proposed_new,,2026-08-29,2026-08-29,1,72b7c63d-3cee-5316-b02e-7560aa82e417,
sparx,Sparx,proposed_new,,2026-06-15,2026-06-15,2,02e3efbd-0964-5cf1-9ec4-c0909af2777c,
speedo,Speedo,proposed_new,,2026-05-16,2026-05-16,1,70ff6ea9-6ab1-5d53-b71f-0e62fbd2333f,
spielberg20,Spielberg (2.0),proposed_new,,2026-01-10,2026-06-27,4,e6c410b5-77e4-59de-acef-f1033cddf069,
splinter,Splinter,manual_review,external_exact_name_candidate,2026-01-31,2026-08-29,4,,Splinter @ F3 Aggieland (1ff26537-bfdc-4baa-9873-e69f4d236036)
spork,Spork,proposed_new,,2026-01-09,2026-08-25,71,ac62fef6-715e-5c98-bb92-adcb567755d9,
sprocket,Sprocket,proposed_new,,2026-07-24,2026-07-24,1,3d55c552-c773-5804-8304-5ff2041fef48,
stagefright,Stage Fright,proposed_new,,2026-05-26,2026-08-18,4,623ee376-e4fc-5faf-be01-ced849c0b4d1,
straitjacket,StraitJacket,proposed_new,,2026-05-06,2026-07-22,14,1c80586d-1e16-59f3-97df-89217ec97c54,
subprime,Sub Prime,manual_review,external_exact_name_candidate,2026-01-30,2026-01-30,2,,Subprime @ F3 West Houston (75e7d1e3-1368-595e-9ddf-a8d9dbce68c0)
subprimemountainview,Subprime (Mountain View),proposed_new,,2026-02-07,2026-02-07,1,dd104b3d-1fe7-5b68-86e1-b6cde98f410b,
sunshine,Sunshine,manual_review,multiple_external_exact_name_candidates,2026-02-28,2026-04-27,17,,Sunshine @ F3 Aggieland (7f2acdf9-f0b0-4c23-8ac9-214656a65cc7) | sunshine @ F3 West Houston (1b3dec56-74ff-5e63-b009-e0e979d6e346)
surfandturf,Surf and Turf,existing_sactown_match,,2026-02-16,2026-08-29,17,94676740-1142-5311-8d8b-784be5f564aa,
sweety,Sweety,proposed_new,,2026-06-15,2026-06-15,2,129168fd-73f0-5c1c-9eb5-b2dea4306e91,
tackleboxdelta20,Tacklebox (Delta 2.0),proposed_new,,2026-01-20,2026-01-20,1,fba401e7-64af-5bcf-9e41-485a83a84869,
tauntaun,Tauntaun,proposed_new,,2026-02-20,2026-08-21,12,533941fb-a32c-5801-a227-7dd8dbe919ba,
teatime,TeaTime,manual_review,external_exact_name_candidate,2026-04-14,2026-06-17,3,,TeaTime @ F3 Aggieland (2a58f21d-1618-4800-80ff-819a2f4d9367)
theclear,The Clear,proposed_new,,2026-05-07,2026-05-07,1,0a61ee50-0aeb-5d1f-a387-17a3a27e2a5d,
thespread,The Spread,proposed_new,,2026-01-10,2026-08-04,46,ae60899f-9ad0-538f-b04b-71507e71728e,
thislongasgard,Thislong (Asgard),proposed_new,,2026-04-30,2026-04-30,1,251ff73b-e827-526e-a785-e4b6623a54cb,
thong,Thong,proposed_new,,2026-06-24,2026-07-29,4,297d6684-250e-5251-969e-ad676014716e,
throwback,Throwback,existing_sactown_match,,2026-01-01,2026-08-20,68,02deac8b-fff6-5b3a-ae14-a188f4983d85,
thunderpants,Thunder Pants,proposed_new,,2026-01-10,2026-01-10,1,5c178d35-6e54-597c-b165-d2f659c0a249,
tightywhities,Tighty Whities,proposed_new,,2026-07-14,2026-07-14,1,24c04d28-1145-5152-aca5-b2893b539bec,
tile,Tile,proposed_new,,2026-06-30,2026-07-03,5,30155e63-92da-5053-af8a-e01927ccb428,
timberleeplumaslake,Timberlee (Plumas Lake),proposed_new,,2026-02-12,2026-08-20,9,5a9569aa-d418-5cb6-9c5e-de487db82f02,
tinks,Tinks,existing_sactown_match,,2026-01-02,2026-08-29,125,8dfc0f8b-023a-5b47-a7b2-d21e1d295a16,
tips,Tips,proposed_new,,2026-01-13,2026-01-13,1,5667524f-7256-53b1-a37b-9f991000da02,
tonka,Tonka,manual_review,external_exact_name_candidate,2026-01-14,2026-03-03,29,,Tonka @ F3 Aggieland (37b4e00e-4419-4dc3-9e97-ba40fc6ef194)
toto,Toto,existing_sactown_match,,2026-01-06,2026-08-29,69,acffbb98-4b85-595c-80e8-3dc239831246,Toto @ F3 West Houston (7f79650c-3dd3-59e4-b013-31c05287ba2c)
toupee,Toupee,existing_sactown_match,,2026-01-02,2026-08-28,127,9b2e6eb6-2f58-5a63-9c8f-606f64b7d00d,
trotts,Trotts,proposed_new,,2026-05-21,2026-06-03,2,7cd20a65-4189-54d6-bc8d-192843c2aad3,
twotimer,Two-Timer,proposed_new,,2026-01-31,2026-01-31,1,d11c1502-4e2a-5575-8f2e-6db8f92666c8,
uppercrust,Upper Crust,existing_sactown_match,,2026-08-08,2026-08-17,2,71748f1f-2e78-5b62-b6fb-440109cd8130,
venus,Venus,proposed_new,,2026-06-23,2026-06-30,3,039346bb-ed66-519d-9574-476a20b943c1,
vespa,Vespa,proposed_new,,2026-06-09,2026-06-26,9,d4a27d40-f51c-5d97-8d92-8c1ba25cbe59,
wabbits,Wabbits,proposed_new,,2026-06-16,2026-06-16,1,037ca13e-8848-5c54-b186-cc6682b929ba,
waxie,Waxie,existing_sactown_match,,2026-01-02,2026-08-29,124,c767867e-54fa-561f-bb2a-4318ceb3937e,
wedge,Wedge,existing_sactown_match,,2026-08-12,2026-08-29,14,4abd3148-10c4-54a2-a80c-e9523ea3321d,
wedgeretired,Wedge (Retired),proposed_new,,2026-01-10,2026-01-10,1,db7ff48b-82cc-5193-8bfd-300f4f363131,
whamodownrange,Wham-O (Downrange),proposed_new,,2026-06-23,2026-06-23,1,65f9c78e-babf-5dc1-b096-4c10d1f2c9f6,
whiteboard,Whiteboard,existing_sactown_match,,2026-08-01,2026-08-01,1,32d0336a-72c5-57c8-b5ce-85e26529be14,
whities,Whities,proposed_new,,2026-08-29,2026-08-29,1,083b65bc-c069-5262-91e2-2a8773635b59,
whoopee,Whoopee,existing_sactown_match,,2026-08-26,2026-08-26,1,49b5572b-aaf4-5050-947e-d5bec8017ba4,
wingstop,Wingstop,proposed_new,,2026-05-19,2026-05-19,1,7d41ef8b-cb4b-5003-bfd8-7c301ae75f08,
wishbone,Wishbone,proposed_new,,2026-06-13,2026-06-13,1,a1d543c2-3da2-5552-a2da-d501ad24b31d,
wonderwall,Wonderwall,proposed_new,,2026-07-20,2026-08-24,5,aef0d196-99e7-5887-a705-839fcde253b2,
woody,Woody,existing_sactown_match,,2026-01-02,2026-08-29,169,db9085c0-46c8-5302-8f11-b0aa79ac4da2,
yahoo,Yahoo,proposed_new,,2026-02-07,2026-02-07,1,9330c683-168d-58e4-9c9a-fb2ea1b28974,
yoohoo,Yoohoo!,proposed_new,,2026-06-06,2026-06-06,1,acda31c1-584b-57a8-afc5-d3147e04f6c3,
zohan,Zohan,existing_sactown_match,,2026-01-15,2026-08-06,17,2d801557-596f-5b1c-8790-3cacc6e1603a,
